

{
  "version": 1,
  "author": "2022EEB105 SUPRIYO_ROY",
  "editor": "wokwi",
  "parts": [
    {
      "type": "wokwi-pi-pico",
      "id": "pico",
      "top": 35.25,
      "left": -6,
      "attrs": { "env": "micropython-20231227-v1.22.0" }
    },
    {
      "type": "wokwi-led",
      "id": "led1",
      "top": 169.2,
      "left": 243.8,
      "attrs": { "color": "red" }
    },
    {
      "type": "wokwi-hc-sr04",
      "id": "ultrasonic1",
      "top": 11.1,
      "left": 120.7,
      "attrs": { "distance": "109" }
    },
    {
      "type": "wokwi-buzzer",
      "id": "bz1",
      "top": 117.6,
      "left": 165,
      "attrs": { "volume": "0.1" }
    }
  ],
  "connections": [
    [ "led1:A", "bz1:2", "green", [ "v19.2", "h-67.2" ] ],
    [ "bz1:2", "pico:GP19", "green", [ "v28.8", "h-77.2", "v-38.4" ] ],
    [ "led1:C", "bz1:1", "green", [ "v9.6", "h-66.8", "v-9.6" ] ],
    [ "bz1:1", "pico:GND.6", "green", [ "v9.6", "h-105.6", "v-48" ] ],
    [ "ultrasonic1:GND", "pico:GND.6", "black", [ "v19.2", "h-126", "v9.6", "h0", "v28.8" ] ],
    [ "ultrasonic1:TRIG", "pico:GP3", "green", [ "v-9.6", "h-221.2", "v-9.6" ] ],
    [ "ultrasonic1:ECHO", "pico:GP2", "green", [ "v9.6", "h-240.8", "v-38.4" ] ],
    [ "ultrasonic1:VCC", "pico:3V3", "red", [ "v0", "h-96", "v-19.2" ] ]
  ],
  "dependencies": {}
}
